plant;f.mass;f.size1;f.size2;no.seeds;parent;parentname;t.seeds;forest;pred
Eueu;136;7.74;6.16;1;A;Brücke_L_55_Eueu;63.6;l;NA
Eueu;1108;7.32;4.88;1;A;Brücke_L_55_Eueu;42.7;l;NA
Eueu;1534;8.38;5.37;1;A;Brücke_L_55_Eueu;42;l;NA
Eueu;144;7.25;5.16;1;A;Brücke_L_55_Eueu;42.9;l;NA
Eueu;118;7.9;4.85;2;A;Brücke_L_55_Eueu;87.9;l;NA
Eueu;134;8.33;5.37;1;A;Brücke_L_55_Eueu;44.3;l;NA
Eueu;2044;9.01;6.13;2;A;Brücke_L_55_Eueu;66.2;l;NA
Eueu;2412;8.9;6.65;1;A;Brücke_L_55_Eueu;48.8;l;NA
Eueu;1789;8.4;5.13;2;A;Brücke_L_55_Eueu;70.7;l;NA
Eueu;1266;7.61;5.2;1;A;Brücke_L_55_Eueu;41.9;l;NA
Eueu;128;7.6;4.65;1;A;Brücke_L_55_Eueu;26;l;NA
Eueu;1295;7.67;5.47;2;A;Brücke_L_55_Eueu;57.1;l;NA
Eueu;1037;6.43;4.56;1;A;Brücke_L_55_Eueu;28.7;l;NA
Eueu;1736;9.09;5.06;1;B;Brücke_Levin_Eueu;42.3;l;NA
Eueu;142;8.23;5.1;1;B;Brücke_Levin_Eueu;43.8;l;NA
Eueu;1364;7.87;5.31;1;B;Brücke_Levin_Eueu;44.4;l;NA
Eueu;1784;8.2;5.23;1;B;Brücke_Levin_Eueu;44.2;l;NA
Eueu;1478;7.91;5.21;1;B;Brücke_Levin_Eueu;64.9;l;NA
Eueu;1552;7.9;5.19;2;B;Brücke_Levin_Eueu;75.5;l;NA
Eueu;1552;7.89;5.7;1;B;Brücke_Levin_Eueu;33.2;l;NA
Eueu;1417;7.3;5.4;1;C;Brücke2_Eueu;54.4;l;NA
Eueu;145;7.47;6.35;1;C;Brücke2_Eueu;56;l;NA
Eueu;1065;6.3;4.6;2;C;Brücke2_Eueu;94.3;l;NA
Eueu;1198;7.3;5.47;1;C;Brücke2_Eueu;56.5;l;NA
Eueu;90;6.51;5.21;1;C;Brücke2_Eueu;53.5;l;NA
Eueu;1253;7.05;5.49;1;C;Brücke2_Eueu;69.6;l;NA
Eueu;985;6.68;5.08;1;C;Brücke2_Eueu;61.3;l;NA
Eueu;1005;5.99;4.91;1;C;Brücke2_Eueu;55.2;l;NA
Eueu;1485;7.85;5.25;1;C;Brücke2_Eueu;75.2;l;NA
Eueu;1606;7.81;4.63;1;C;Brücke2_Eueu;64.2;l;NA
Eueu;1327;7.06;5.76;1;C;Brücke2_Eueu;65.5;l;NA
Eueu;1693;8.12;5.24;1;D;Fluss8_Eueu;47.7;l;NA
Eueu;987;6.47;4.99;1;D;Fluss8_Eueu;51.2;l;NA
Eueu;828;6.44;4.35;1;D;Fluss8_Eueu;33.5;l;NA
Eueu;848;6.3;4.71;1;D;Fluss8_Eueu;50.3;l;NA
Eueu;1001;7.44;4.96;1;D;Fluss8_Eueu;45.1;l;NA
Eueu;1193;6.78;4.99;1;D;Fluss8_Eueu;40.1;l;NA
Eueu;786;5.76;4.46;1;D;Fluss8_Eueu;38.1;l;NA
Eueu;823;6.09;4.82;1;D;Fluss8_Eueu;38.8;l;NA
Eueu;871;5.8;4.84;2;D;Fluss8_Eueu;82.6;l;NA
Eueu;1046;7.3;5.05;1;D;Fluss8_Eueu;58.7;l;NA
Eueu;188;8.03;6.3;2;D;Fluss8_Eueu;76;l;NA
Eueu;864;6.25;4.57;1;D;Fluss8_Eueu;51.7;l;NA
Eueu;1955;9.34;5.9;1;E;LuH1_Eueu;48.8;l;NA
Eueu;113;7;4.96;1;E;LuH1_Eueu;52.8;l;NA
Eueu;1713;8.2;5.89;1;E;LuH1_Eueu;57;l;NA
Eueu;2066;8.8;5.92;1;E;LuH1_Eueu;46.9;l;NA
Eueu;1756;8.79;6.18;1;E;LuH1_Eueu;34.4;l;NA
Eueu;2049;9.06;6;1;E;LuH1_Eueu;66;l;NA
Eueu;1514;7.78;5.88;1;E;LuH1_Eueu;39.2;l;NA
Eueu;1881;8.79;5.1;1;E;LuH1_Eueu;51.7;l;NA
Eueu;1632;8.61;5.46;1;E;LuH1_Eueu;41.8;l;NA
Eueu;1159;7.46;5.04;1;E;LuH1_Eueu;38.4;l;NA
Eueu;2478;8.87;6.88;1;E;LuH1_Eueu;52.7;l;NA
Eueu;121;6.83;4.95;1;E;LuH1_Eueu;54;l;NA
Eueu;1116;7.3;4.61;1;F;LuH2_Eueu;41.9;l;NA
Eueu;2077;8.12;5.98;1;F;LuH2_Eueu;60;l;NA
Eueu;1086;7.38;4.53;1;F;LuH2_Eueu;53.4;l;NA
Eueu;1568;8.13;5.35;1;F;LuH2_Eueu;45.6;l;NA
Eueu;1146;7.22;4.23;1;F;LuH2_Eueu;58.2;l;NA
Eueu;972;7.02;4.84;1;F;LuH2_Eueu;63.6;l;NA
Eueu;1041;6.95;4.54;1;F;LuH2_Eueu;51.4;l;NA
Eueu;1016;6.71;5.19;1;K;Ma_Eueu;73.7;o;NA
Eueu;802;6.55;4.58;1;K;Ma_Eueu;50.5;o;NA
Eueu;1492;7.9;6.03;2;K;Ma_Eueu;97;o;NA
Eueu;939;7.14;4.94;1;K;Ma_Eueu;58.2;o;NA
Eueu;952;6.5;4.32;1;K;Ma_Eueu;63.6;o;NA
Eueu;915;7.11;4.86;1;K;Ma_Eueu;61.9;o;NA
Eueu;686;5.89;4.25;1;K;Ma_Eueu;46.8;o;NA
Eueu;955;7.03;5.75;1;K;Ma_Eueu;52.6;o;NA
Eueu;128;6.89;5.77;1;K;Ma_Eueu;81.8;o;NA
Eueu;847;6.74;4.9;1;K;Ma_Eueu;49.2;o;NA
Eueu;114;6.62;5.09;1;K;Ma_Eueu;78.5;o;NA
Eueu;1217;7.24;5.11;1;K;Ma_Eueu;77.7;o;NA
Eueu;1221;7;5.15;1;K;Ma_Eueu;81;o;NA
Eueu;1356;7.67;5.05;2;K;Ma_Eueu;86.9;o;NA
Eueu;879;6.08;4.8;1;K;Ma_Eueu;54.9;o;NA
Eueu;1039;7.1;4.73;1;L;Mb_Eueu;70.9;o;NA
Eueu;911;6.5;4.74;1;L;Mb_Eueu;62.4;o;NA
Eueu;561;5.46;3.72;1;L;Mb_Eueu;38;o;NA
Eueu;1339;7.74;5.11;2;L;Mb_Eueu;93.3;o;NA
Eueu;1668;8.25;5.28;2;L;Mb_Eueu;117.1;o;NA
Eueu;1054;7.1;5.22;1;M;Mc_Eueu;56.7;o;NA
Eueu;883;7.49;4.6;1;M;Mc_Eueu;59.1;o;NA
Eueu;1263;7.56;4.84;1;M;Mc_Eueu;84.2;o;NA
Eueu;852;6.94;4.79;1;M;Mc_Eueu;56.6;o;NA
Eueu;944;6.68;4.49;1;M;Mc_Eueu;62.1;o;NA
Eueu;1252;7.4;4.84;1;M;Mc_Eueu;85.1;o;NA
Eueu;96;7.03;4.87;1;M;Mc_Eueu;65.6;o;NA
Eueu;1178;6.98;4.62;2;M;Mc_Eueu;83.1;o;NA
Eueu;903;6.87;4.74;1;M;Mc_Eueu;62.2;o;NA
Eueu;1441;8.31;5.52;2;M;Mc_Eueu;99.6;o;NA
Eueu;1262;7.63;4.96;1;N;Md_Eueu;79.3;o;NA
Eueu;1197;7.84;4.64;1;N;Md_Eueu;74;o;NA
Eueu;1091;6.99;4.65;1;N;Md_Eueu;73.3;o;NA
Eueu;1527;8.24;5.55;2;N;Md_Eueu;92.1;o;NA
Eueu;1363;7.85;4.74;1;N;Md_Eueu;93;o;NA
Eueu;1448;8.08;5.04;1;N;Md_Eueu;91.2;o;NA
Eueu;927;6.89;4.33;1;N;Md_Eueu;66.1;o;NA
Eueu;1094;7.35;4.6;1;N;Md_Eueu;72.1;o;NA
Eueu;1193;7.25;5.06;1;N;Md_Eueu;75.2;o;NA
Eueu;2547;9.54;6.98;2;N;Md_Eueu;149.2;o;NA
Eueu;1648;9.43;5.96;1;O;Me_Eueu;106;o;NA
Eueu;1208;7.77;4.81;1;O;Me_Eueu;88;o;NA
Eueu;1105;7.32;5.16;1;O;Me_Eueu;69.9;o;NA
Eueu;1237;7.56;5.51;1;O;Me_Eueu;82;o;NA
Eueu;942;6.92;4.61;2;O;Me_Eueu;128.2;o;NA
Eueu;1824;9.36;5.52;1;O;Me_Eueu;65.9;o;NA
Eueu;1005;7.36;5.08;1;O;Me_Eueu;67.4;o;NA
Eueu;1027;7.31;3.02;1;O;Me_Eueu;69.3;o;NA
Eueu;1243;7.68;5.28;1;O;Me_Eueu;86.7;o;NA
Eueu;2187;9.51;6.18;2;O;Me_Eueu;144.6;o;NA
Eueu;1014;6.69;5.24;1;G;Mix_logged_L3_Eueu;50.6;l;NA
Eueu;113;6.52;5.19;1;G;Mix_logged_L3_Eueu;51.6;l;NA
Eueu;1372;6.96;5.32;1;G;Mix_logged_L3_Eueu;36.2;l;NA
Eueu;1627;7.36;6.17;1;G;Mix_logged_L3_Eueu;43.9;l;NA
Eueu;1106;6.24;5.24;2;G;Mix_logged_L3_Eueu;79.9;l;NA
Eueu;1141;6.22;5.11;1;G;Mix_logged_L3_Eueu;37.7;l;NA
Eueu;1104;6.42;5.54;1;G;Mix_logged_L3_Eueu;62.8;l;NA
Eueu;1981;8.34;6.22;1;G;Mix_logged_L3_Eueu;42.4;l;NA
Eueu;706;5.74;4.07;2;H;Nord_2_Eueu;54.9;l;NA
Eueu;1032;6.45;4.82;1;H;Nord_2_Eueu;37.1;l;NA
Eueu;108;6.69;5.03;1;H;Nord_2_Eueu;34.2;l;NA
Eueu;1156;6.88;5.1;1;H;Nord_2_Eueu;83.5;l;NA
Eueu;1304;6.05;5.4;1;H;Nord_2_Eueu;54.4;l;NA
Eueu;1061;6.21;5.09;1;H;Nord_2_Eueu;73.3;l;NA
Eueu;728;5.89;4.34;1;H;Nord_2_Eueu;76.1;l;NA
Eueu;1354;6.53;5.42;1;H;Nord_2_Eueu;73.3;l;NA
Eueu;807;6;4.11;1;H;Nord_2_Eueu;83.2;l;NA
Eueu;1238;6.88;5.49;1;H;Nord_2_Eueu;70.4;l;NA
Eueu;869;6.57;4.34;1;H;Nord_2_Eueu;76.4;l;NA
Eueu;769;6.11;4.38;1;H;Nord_2_Eueu;69.4;l;NA
Eueu;1074;6.9;4.03;1;H;Nord_2_Eueu;44.9;l;NA
Eueu;1168;7.36;4.43;2;H;Nord_2_Eueu;104.7;l;NA
Eueu;1072;7.12;4.6;1;H;Nord_2_Eueu;48;l;NA
Eueu;1123;6.9;4.49;2;I;SH_Fluss1_Eueu;77.1;l;NA
Eueu;69;5.52;4.33;1;I;SH_Fluss1_Eueu;42.5;l;NA
Eueu;1117;6.99;4.47;1;I;SH_Fluss1_Eueu;39;l;NA
Eueu;967;6.91;4.45;1;I;SH_Fluss1_Eueu;36.5;l;NA
Eueu;842;6.41;4.03;1;I;SH_Fluss1_Eueu;41.1;l;NA
Eueu;755;6.14;3.74;1;I;SH_Fluss1_Eueu;52.1;l;NA
Eueu;782;6.03;4.39;1;I;SH_Fluss1_Eueu;35.1;l;NA
Eueu;1736;8.25;5.69;1;I;SH_Fluss1_Eueu;35;l;NA
Eueu;1345;8.5;5.04;2;J;Suseszy Borek_Eueu;92.4;l;NA
Eueu;804;6.16;4.14;1;J;Suseszy Borek_Eueu;62.7;l;NA
Eueu;553;4.87;3.83;1;J;Suseszy Borek_Eueu;46.8;l;NA
Eueu;1203;7.79;5.01;1;J;Suseszy Borek_Eueu;49.3;l;NA
Eueu;874;6.3;4.59;1;J;Suseszy Borek_Eueu;51.8;l;NA
Eueu;1268;7.2;4.64;1;J;Suseszy Borek_Eueu;45;l;NA
Eueu;687;5.28;4.38;1;J;Suseszy Borek_Eueu;35;l;NA
Eueu;603;5.82;4.13;1;J;Suseszy Borek_Eueu;46.3;l;NA
Fral;5252;9.7;8.88;2;A;1HSP_Fral;38.6;l;NA
Fral;3447;8.29;8.58;2;A;1HSP_Fral;40.6;l;NA
Fral;414;9.09;7.02;2;A;1HSP_Fral;42.7;l;NA
Fral;3558;8.74;7.54;2;A;1HSP_Fral;36.5;l;NA
Fral;4119;7.79;8.01;2;A;1HSP_Fral;37.2;l;NA
Fral;3821;8.59;7.44;2;A;1HSP_Fral;34.5;l;NA
Fral;4764;9.53;8.47;2;A;1HSP_Fral;37.1;l;NA
Fral;4113;8.8;8.77;2;A;1HSP_Fral;24.6;l;NA
Fral;4121;8.64;8.38;2;B;2HSP_Fral;42.6;l;NA
Fral;3477;8.31;7.67;2;B;2HSP_Fral;38.7;l;NA
Fral;4608;9.02;8.87;2;B;2HSP_Fral;48.8;l;NA
Fral;2625;7.37;7.21;2;B;2HSP_Fral;25.6;l;NA
Fral;2942;6.94;7.79;2;B;2HSP_Fral;23.6;l;NA
Fral;3831;7.96;8.53;2;B;2HSP_Fral;38.6;l;NA
Fral;3914;8.69;8.33;2;B;2HSP_Fral;42.3;l;NA
Fral;3178;8.45;7.82;2;B;2HSP_Fral;32.4;l;NA
Fral;3856;7.82;8.67;2;C;35_Mb_Fral;49.9;l;NA
Fral;3622;8.16;8.36;2;C;35_Mb_Fral;51.5;l;NA
Fral;3879;8.62;8.2;2;C;35_Mb_Fral;53.3;l;NA
Fral;3415;8.03;8.5;2;C;35_Mb_Fral;52;l;NA
Fral;344;8.15;8.27;2;C;35_Mb_Fral;50.9;l;NA
Fral;379;8.24;7.92;2;C;35_Mb_Fral;50.3;l;NA
Fral;2055;6.83;6.54;2;C;35_Mb_Fral;28.8;l;NA
Fral;4035;8.63;8.43;2;C;35_Mb_Fral;57.7;l;NA
Fral;3296;7.67;8.46;2;C;35_Mb_Fral;52.6;l;NA
Fral;7946;10.11;11.33;2;G;K1_Fral;64.2;o;NA
Fral;6602;10.53;9.23;2;G;K1_Fral;71.9;o;NA
Fral;3917;8.48;7.42;2;G;K1_Fral;28.6;o;NA
Fral;4529;8.53;8.23;2;G;K1_Fral;40.1;o;NA
Fral;6121;9.62;8.98;2;G;K1_Fral;60.9;o;NA
Fral;3811;7.6;8.7;2;G;K1_Fral;59;o;NA
Fral;7424;9.28;8.5;2;G;K1_Fral;33.5;o;NA
Fral;4665;9.6;8;2;G;K1_Fral;38.4;o;NA
Fral;398;9.42;7.26;2;G;K1_Fral;33.6;o;NA
Fral;4988;9.67;7.97;2;H;K2_Fral;40.4;o;NA
Fral;3547;7.86;7;2;H;K2_Fral;33.8;o;NA
Fral;5794;10.07;9.05;3;H;K2_Fral;53.4;o;NA
Fral;3352;8.55;7.45;2;H;K2_Fral;28.3;o;NA
Fral;3418;8.19;6.87;2;H;K2_Fral;25.1;o;NA
Fral;259;7.02;6.43;2;H;K2_Fral;21.3;o;NA
Fral;2703;7.55;7.26;2;H;K2_Fral;20.6;o;NA
Fral;3001;8.43;6.02;2;H;K2_Fral;34;o;NA
Fral;5215;9.04;9.07;2;I;K3_Fral;59;o;NA
Fral;2615;6.95;6.39;2;I;K3_Fral;26.6;o;NA
Fral;422;9.16;8.38;2;I;K3_Fral;43.8;o;NA
Fral;4726;7.39;9.47;2;I;K3_Fral;51.3;o;NA
Fral;3156;7.63;6.63;2;I;K3_Fral;27.9;o;NA
Fral;3223;6.18;8.7;2;I;K3_Fral;46.4;o;NA
Fral;3195;7.58;7.8;2;I;K3_Fral;33.1;o;NA
Fral;5003;9.15;9.46;2;I;K3_Fral;38.5;o;NA
Fral;3087;7.9;7.73;2;J;K4_Fral;47.2;o;NA
Fral;3917;8.52;8.4;2;J;K4_Fral;58.7;o;NA
Fral;4322;8.98;8.95;2;J;K4_Fral;36.6;o;NA
Fral;4059;8.46;8.53;2;J;K4_Fral;53.7;o;NA
Fral;3287;8.23;7.75;2;J;K4_Fral;29.2;o;NA
Fral;3486;8.36;8.26;2;J;K4_Fral;44;o;NA
Fral;2587;7.24;7.43;2;J;K4_Fral;38.9;o;NA
Fral;4119;8.4;7.93;2;K;K5_Fral;27.3;o;NA
Fral;6664;9.29;8.75;2;K;K5_Fral;40.8;o;NA
Fral;6606;9.2;10.34;2;K;K5_Fral;45.9;o;NA
Fral;5104;9.35;8.42;2;K;K5_Fral;55.9;o;NA
Fral;4356;9.41;8.3;2;K;K5_Fral;43.4;o;NA
Fral;5709;10.77;8.62;2;K;K5_Fral;40.5;o;NA
Fral;4242;9.07;7.66;2;K;K5_Fral;38.9;o;NA
Fral;5504;10.22;8.71;2;K;K5_Fral;42.1;o;NA
Fral;2675;7.38;7.13;2;D;Ma_Fral;39.7;l;NA
Fral;3852;7.88;8.5;2;D;Ma_Fral;47.9;l;NA
Fral;3192;8.33;8;2;D;Ma_Fral;50.5;l;NA
Fral;4012;8.89;8.78;2;D;Ma_Fral;60.6;l;NA
Fral;2818;7.71;7.11;2;D;Ma_Fral;30.9;l;NA
Fral;2853;7.34;6.93;2;D;Ma_Fral;38.2;l;NA
Fral;3866;8.42;7.83;2;D;Ma_Fral;49.9;l;NA
Fral;3672;8.14;7.23;2;D;Ma_Fral;54.9;l;NA
Fral;3947;8.94;8.55;2;D;Ma_Fral;56.5;l;NA
Fral;3455;7.61;9.04;2;L;Ma_Fral;42.6;o;NA
Fral;3225;7.23;8.43;2;L;Ma_Fral;43.7;o;NA
Fral;3517;8.08;8.4;2;L;Ma_Fral;38.8;o;NA
Fral;2978;7.77;7.42;2;L;Ma_Fral;31.2;o;NA
Fral;355;8.34;7.87;2;L;Ma_Fral;40.9;o;NA
Fral;2681;7.24;7.76;2;L;Ma_Fral;35.2;o;NA
Fral;4194;8.75;7.68;2;L;Ma_Fral;60.5;o;NA
Fral;263;7.91;6.63;2;L;Ma_Fral;32.4;o;NA
Fral;3362;7.82;7.99;2;L;Ma_Fral;49.3;o;NA
Fral;2675;7.39;7.23;2;L;Ma_Fral;37.6;o;NA
Fral;3417;8.34;8.49;2;E;Mc_Fral;52.7;l;NA
Fral;2775;7.34;7.72;2;E;Mc_Fral;45.6;l;NA
Fral;3608;7.22;8.44;2;E;Mc_Fral;55.3;l;NA
Fral;4208;8.04;8.7;2;E;Mc_Fral;61.2;l;NA
Fral;5447;8.81;9.36;3;E;Mc_Fral;82.9;l;NA
Fral;3105;7.89;7.59;2;E;Mc_Fral;50;l;NA
Fral;3231;8.29;7.67;2;E;Mc_Fral;50.5;l;NA
Fral;2971;8.14;7.13;2;E;Mc_Fral;40.7;l;NA
Fral;2834;7.77;7.55;2;F;X1_Fral;32.9;l;NA
Fral;3267;7.68;7.84;2;F;X1_Fral;43.9;l;NA
Fral;2008;6.63;6.44;2;F;X1_Fral;21.9;l;NA
Fral;2196;6.78;6.7;1;F;X1_Fral;20.6;l;NA
Fral;3327;8.1;7.85;2;F;X1_Fral;51.3;l;NA
Fral;3451;7.99;7.81;2;F;X1_Fral;42.3;l;NA
Fral;334;7.97;7.52;2;F;X1_Fral;44.8;l;NA
Fral;3102;7.43;7.91;2;F;X1_Fral;36.5;l;NA
Fral;3084;7.09;7.42;2;F;X1_Fral;39.9;l;NA
Prpa;260;6.56;6.01;1;F;M1_Prpa;64.1;o;NA
Prpa;265;6.82;7.11;1;F;M1_Prpa;45.4;o;NA
Prpa;339;6.78;6.85;1;F;M1_Prpa;41.8;o;NA
Prpa;338;7.37;7.25;1;F;M1_Prpa;52.4;o;NA
Prpa;266;6.62;6.36;1;F;M1_Prpa;51.7;o;NA
Prpa;263;6.63;6.46;1;F;M1_Prpa;45.9;o;NA
Prpa;249;6.79;6.72;1;F;M1_Prpa;58.6;o;NA
Prpa;254;6.2;6.67;1;F;M1_Prpa;42.6;o;NA
Prpa;273;7.02;6.61;1;F;M1_Prpa;41.1;o;NA
Prpa;295;7.24;6.62;1;F;M1_Prpa;33.7;o;NA
Prpa;276;7.03;6.66;1;F;M1_Prpa;49.3;o;NA
Prpa;336;7.34;7.42;1;F;M1_Prpa;45;o;NA
Prpa;244;6.49;6.19;1;G;M10_Prpa;40.4;o;NA
Prpa;304;7.03;7.18;1;G;M10_Prpa;50.6;o;NA
Prpa;226;6.12;6.3;1;G;M10_Prpa;43.1;o;NA
Prpa;239;6.44;6.71;1;G;M10_Prpa;45.1;o;NA
Prpa;220;6.67;6.2;1;G;M10_Prpa;41.9;o;NA
Prpa;190;6.46;5.78;1;G;M10_Prpa;42.4;o;NA
Prpa;194;6.82;6.6;1;G;M10_Prpa;40.7;o;NA
Prpa;245;6.68;6.93;1;G;M10_Prpa;45.6;o;NA
Prpa;379;8.59;8.29;1;H;M11_Prpa;45;o;NA
Prpa;298;6.6;7.79;1;H;M11_Prpa;66.2;o;NA
Prpa;322;7.39;7.88;1;H;M11_Prpa;56.5;o;NA
Prpa;336;7.92;7.42;1;H;M11_Prpa;57.4;o;NA
Prpa;299;7.02;7.28;1;I;M2_Prpa;61.8;o;NA
Prpa;324;6.91;7.09;1;I;M2_Prpa;66.8;o;NA
Prpa;262;7.01;6.4;1;I;M2_Prpa;58;o;NA
Prpa;283;6.44;6.6;1;I;M2_Prpa;61.8;o;NA
Prpa;247;6.44;6.53;1;I;M2_Prpa;57.2;o;NA
Prpa;279;7.13;6.09;1;I;M2_Prpa;59.2;o;NA
Prpa;237;6.81;6.74;1;I;M2_Prpa;54.9;o;NA
Prpa;268;6.81;6.78;1;I;M2_Prpa;54.2;o;NA
Prpa;242;6.07;6.35;1;I;M2_Prpa;54.8;o;NA
Prpa;272;7.12;6.82;1;I;M2_Prpa;56.8;o;NA
Prpa;294;6.93;6.68;1;I;M2_Prpa;56.8;o;NA
Prpa;218;6.54;5.89;1;I;M2_Prpa;47.6;o;NA
Prpa;238;7.21;6.31;1;J;M4_Prpa;49.3;o;NA
Prpa;341;7.61;7.53;1;J;M4_Prpa;57.9;o;NA
Prpa;241;6.71;6.56;1;J;M4_Prpa;52.2;o;NA
Prpa;213;6.43;6.17;1;J;M4_Prpa;57.8;o;NA
Prpa;297;7.61;7.24;1;J;M4_Prpa;50.6;o;NA
Prpa;205;6.3;6.01;1;J;M4_Prpa;47.9;o;NA
Prpa;350;7.2;7.21;1;J;M4_Prpa;56.6;o;NA
Prpa;212;5.82;6.7;1;J;M4_Prpa;44.9;o;NA
Prpa;315;7.55;7.41;1;J;M4_Prpa;57.2;o;NA
Prpa;218;6.69;6.15;1;J;M4_Prpa;48.4;o;NA
Prpa;263;6.63;6.45;1;J;M4_Prpa;61.8;o;NA
Prpa;309;6.68;7.72;1;K;M5_Prpa;66.1;o;NA
Prpa;344;7;7.7;1;K;M5_Prpa;59.3;o;NA
Prpa;264;5.99;6.74;1;K;M5_Prpa;50.5;o;NA
Prpa;285;6.28;6.82;1;K;M5_Prpa;56.1;o;NA
Prpa;295;6.19;7.22;1;K;M5_Prpa;53.3;o;NA
Prpa;137;5.32;5.96;1;K;M5_Prpa;35.3;o;NA
Prpa;317;6.81;7.16;1;K;M5_Prpa;56.4;o;NA
Prpa;287;6.1;6.73;1;K;M5_Prpa;59.2;o;NA
Prpa;257;6.84;6.95;1;L;M6_Prpa;42.7;o;NA
Prpa;214;5.78;6.08;1;L;M6_Prpa;39.9;o;NA
Prpa;306;7.02;7;1;L;M6_Prpa;46.9;o;NA
Prpa;247;6.2;6.41;1;L;M6_Prpa;44.3;o;NA
Prpa;265;6.46;6.85;1;L;M6_Prpa;41.7;o;NA
Prpa;292;6.97;6.95;1;L;M6_Prpa;47.3;o;NA
Prpa;183;5.92;5.78;1;M;M7_Prpa;45.4;o;NA
Prpa;190;6.12;5.6;1;M;M7_Prpa;39.6;o;NA
Prpa;167;5.92;5.24;1;M;M7_Prpa;38.6;o;NA
Prpa;196;6.09;6.26;1;M;M7_Prpa;48.1;o;NA
Prpa;195;5.98;6.12;1;M;M7_Prpa;41.7;o;NA
Prpa;199;6.52;6.19;1;M;M7_Prpa;46.3;o;NA
Prpa;161;5.78;5.73;1;M;M7_Prpa;43.7;o;NA
Prpa;155;6.09;5.7;1;M;M7_Prpa;39;o;NA
Prpa;279;7.38;7.88;1;N;M8_Prpa;55.9;o;NA
Prpa;261;6.91;6.9;1;N;M8_Prpa;52.3;o;NA
Prpa;273;7.55;6.98;1;N;M8_Prpa;51.2;o;NA
Prpa;270;7.01;6.8;1;N;M8_Prpa;50.8;o;NA
Prpa;291;7.05;6.78;1;N;M8_Prpa;51.9;o;NA
Prpa;279;7.02;6.82;1;N;M8_Prpa;52.4;o;NA
Prpa;284;7;6.77;1;N;M8_Prpa;45;o;NA
Prpa;248;6.48;6.81;1;N;M8_Prpa;40.8;o;NA
Prpa;290;7.19;7.01;1;N;M8_Prpa;47.9;o;NA
Prpa;224;6.44;5.95;1;N;M8_Prpa;42.3;o;NA
Prpa;313;6.88;7.31;1;N;M8_Prpa;49.7;o;NA
Prpa;234;6.65;5.93;1;N;M8_Prpa;50.4;o;NA
Prpa;294;6.92;6.62;1;N;M8_Prpa;57;o;NA
Prpa;315;6.88;6.56;1;N;M8_Prpa;55.4;o;NA
Prpa;248;6.58;7.34;1;N;M8_Prpa;57.8;o;NA
Prpa;365;7.01;7.25;1;N;M8_Prpa;44.2;o;NA
Prpa;345;6.94;6.82;1;N;M8_Prpa;64.6;o;NA
Prpa;325;6.37;7.37;1;N;M8_Prpa;60;o;NA
Prpa;363;7.28;7.31;1;N;M8_Prpa;55.8;o;NA
Prpa;322;6.88;7.1;1;N;M8_Prpa;64.5;o;NA
Prpa;207;6.01;5.14;1;N;M8_Prpa;50;o;NA
Prpa;209;6.54;5.76;1;N;M8_Prpa;47;o;NA
Prpa;260;6.21;6.82;1;O;M9_Prpa;52.1;o;NA
Prpa;162;6.71;5.2;1;O;M9_Prpa;54.4;o;NA
Prpa;231;6.59;6.48;1;O;M9_Prpa;52.6;o;NA
Prpa;173;6.28;5.78;1;O;M9_Prpa;46.7;o;NA
Prpa;129;5.7;4.89;1;O;M9_Prpa;46.5;o;NA
Prpa;176;5.67;6.07;1;O;M9_Prpa;43.2;o;NA
Prpa;185;5.42;6.22;1;O;M9_Prpa;47.4;o;NA
Prpa;157;6.31;5.2;1;O;M9_Prpa;42.7;o;NA
Prpa;212;6.42;5.75;1;O;M9_Prpa;48.3;o;NA
Prpa;208;6.24;6.45;1;O;M9_Prpa;47.8;o;NA
Prpa;337;7.44;7.43;1;A;Ma_Prpa;48.6;l;NA
Prpa;362;7.28;7.23;1;A;Ma_Prpa;57.5;l;NA
Prpa;373;8.46;8.26;1;A;Ma_Prpa;53.5;l;NA
Prpa;353;7.6;8.2;1;A;Ma_Prpa;52.2;l;NA
Prpa;309;7.26;7.33;1;A;Ma_Prpa;45.4;l;NA
Prpa;380;7.8;8.79;1;A;Ma_Prpa;53.8;l;NA
Prpa;367;7.27;7.44;1;A;Ma_Prpa;57.8;l;NA
Prpa;422;8.1;7.86;1;A;Ma_Prpa;57;l;NA
Prpa;299;6.98;6.35;1;A;Ma_Prpa;51.5;l;NA
Prpa;404;7.09;7.58;1;A;Ma_Prpa;56.5;l;NA
Prpa;340;7.09;7.27;1;B;Mb_Prpa;52.1;l;NA
Prpa;254;6.6;6.63;1;B;Mb_Prpa;46.1;l;NA
Prpa;308;7.15;6.43;1;B;Mb_Prpa;51.7;l;NA
Prpa;307;7.08;7.16;1;B;Mb_Prpa;48.9;l;NA
Prpa;276;6.25;5.63;1;B;Mb_Prpa;62;l;NA
Prpa;340;6.5;7.33;1;B;Mb_Prpa;52.1;l;NA
Prpa;257;6.85;6.18;1;B;Mb_Prpa;55.6;l;NA
Prpa;348;7.24;7.42;1;B;Mb_Prpa;53.9;l;NA
Prpa;223;7.24;6.51;1;B;Mb_Prpa;50.3;l;NA
Prpa;269;6.5;6.82;1;B;Mb_Prpa;52;l;NA
Prpa;315;7.71;7.7;1;C;Mc_Prpa;52.5;l;NA
Prpa;256;6.96;6.47;1;C;Mc_Prpa;43.7;l;NA
Prpa;173;5.72;5.58;1;C;Mc_Prpa;50.3;l;NA
Prpa;274;5.89;6.8;1;C;Mc_Prpa;43;l;NA
Prpa;249;7;6.44;1;C;Mc_Prpa;37.9;l;NA
Prpa;315;7.45;7.38;1;C;Mc_Prpa;48.6;l;NA
Prpa;217;6.29;6.1;1;C;Mc_Prpa;54.2;l;NA
Prpa;285;7.09;7.13;1;C;Mc_Prpa;45.3;l;NA
Prpa;229;6.1;6.18;1;C;Mc_Prpa;38;l;NA
Prpa;229;5.8;6.45;1;C;Mc_Prpa;43.9;l;NA
Prpa;226;6.75;6.15;1;D;Md_Prpa;40.1;l;NA
Prpa;269;7.18;6.75;1;D;Md_Prpa;60.1;l;NA
Prpa;190;6.16;5.73;1;D;Md_Prpa;42.9;l;NA
Prpa;237;6.53;5.87;1;D;Md_Prpa;56.4;l;NA
Prpa;190;6.26;6;1;D;Md_Prpa;39.4;l;NA
Prpa;195;6.49;5.73;1;D;Md_Prpa;42.5;l;NA
Prpa;206;6.58;6.2;1;D;Md_Prpa;44.7;l;NA
Prpa;197;6.28;5.68;1;D;Md_Prpa;49.4;l;NA
Prpa;261;6.46;6.5;1;D;Md_Prpa;46.7;l;NA
Prpa;222;6.63;6.13;1;D;Md_Prpa;46;l;NA
Prpa;308;6.59;7.62;1;E;Me_Prpa;46.6;l;NA
Prpa;274;7.26;7.19;1;E;Me_Prpa;49.8;l;NA
Prpa;287;7.75;7.3;1;E;Me_Prpa;47.2;l;NA
Prpa;263;7.3;6.18;1;E;Me_Prpa;40.1;l;NA
Prpa;310;7.17;6.93;1;E;Me_Prpa;46.4;l;NA
Prpa;346;7.13;6.18;1;E;Me_Prpa;45.8;l;NA
Prpa;252;7.22;6.35;1;E;Me_Prpa;42.8;l;NA
Prpa;169;6.34;5.75;1;E;Me_Prpa;41.8;l;NA
Prpa;209;6.38;5.75;1;E;Me_Prpa;40.8;l;NA
Prpa;270;6.94;6.78;1;E;Me_Prpa;47.2;l;NA
Rhca;3506;8.32;7.42;4;A;1S_Rhca;75.3;l;NA
Rhca;3021;7.63;7.42;4;A;1S_Rhca;71.5;l;NA
Rhca;2665;7.79;6.74;4;A;1S_Rhca;64.4;l;NA
Rhca;2116;6.5;6.65;1;A;1S_Rhca;19.2;l;NA
Rhca;2074;6.46;6.23;4;A;1S_Rhca;52.2;l;NA
Rhca;241;6.72;6.68;4;A;1S_Rhca;52.6;l;NA
Rhca;1955;6.11;6.62;3;A;1S_Rhca;37.4;l;NA
Rhca;2039;6.58;6.76;3;A;1S_Rhca;43.7;l;NA
Rhca;3924;8.44;7.54;1;G;3_Rhca;15.7;o;NA
Rhca;2671;7.56;7.1;0;G;3_Rhca;;o;NA
Rhca;3887;7.02;8.71;1;G;3_Rhca;16.8;o;NA
Rhca;3192;7.82;7.24;4;G;3_Rhca;61.2;o;NA
Rhca;2544;6.8;6.64;4;G;3_Rhca;50.6;o;NA
Rhca;2371;6.53;6.19;2;G;3_Rhca;27;o;NA
Rhca;3928;8.44;7.4;3;G;3_Rhca;56.1;o;NA
Rhca;376;7.63;6.9;1;G;3_Rhca;19.9;o;NA
Rhca;1985;6.47;5.38;2;G;3_Rhca;33.4;o;NA
Rhca;2065;6.64;6.29;1;H;3a_Rhca;22.8;o;NA
Rhca;2039;6.49;6.83;2;H;3a_Rhca;25.4;o;NA
Rhca;2576;6.4;6.99;1;H;3a_Rhca;14.7;o;NA
Rhca;1985;6.98;6.19;2;H;3a_Rhca;29.4;o;NA
Rhca;2374;6.14;5.7;1;H;3a_Rhca;11.7;o;NA
Rhca;2132;5.84;5.4;2;H;3a_Rhca;27.6;o;NA
Rhca;2318;6.98;6.58;2;H;3a_Rhca;31.4;o;NA
Rhca;1981;6.08;5.94;3;H;3a_Rhca;47.8;o;NA
Rhca;1881;7;6.03;3;I;4_Rhca;40.3;o;NA
Rhca;2022;6.2;6.59;1;I;4_Rhca;14;o;NA
Rhca;2668;7.32;7.2;2;I;4_Rhca;29.7;o;NA
Rhca;1101;5.69;5.18;2;I;4_Rhca;31.2;o;NA
Rhca;2422;6.84;6.85;2;I;4_Rhca;28.8;o;NA
Rhca;1414;5.59;5.35;1;I;4_Rhca;16;o;NA
Rhca;1157;5.67;5.47;1;I;4_Rhca;12.9;o;NA
Rhca;2431;6.63;6.41;3;I;4_Rhca;41;o;NA
Rhca;1664;6.25;6.01;3;J;5_Rhca;38.9;o;NA
Rhca;2305;6.34;6.85;1;J;5_Rhca;16.5;o;NA
Rhca;2775;7.66;7.28;3;J;5_Rhca;40.6;o;NA
Rhca;1759;5.99;6.02;3;J;5_Rhca;49.7;o;NA
Rhca;1912;6.34;6.46;3;J;5_Rhca;48;o;NA
Rhca;1809;6.41;6.22;1;J;5_Rhca;13.4;o;NA
Rhca;2104;6;6.48;3;J;5_Rhca;32.5;o;NA
Rhca;2118;6.23;6.68;2;J;5_Rhca;24.8;o;NA
Rhca;2871;7.59;7.73;2;K;7_Rhca;43.2;o;NA
Rhca;3172;7.52;7.05;3;K;7_Rhca;68.1;o;NA
Rhca;272;7.51;7.6;3;K;7_Rhca;59.6;o;NA
Rhca;1974;7.32;6.42;1;K;7_Rhca;18.4;o;NA
Rhca;2452;7.32;7.58;3;K;7_Rhca;59;o;NA
Rhca;2293;6.13;6.37;2;K;7_Rhca;36.4;o;NA
Rhca;2946;6.67;7.16;3;K;7_Rhca;59.3;o;NA
Rhca;3627;7.8;7.4;4;K;7_Rhca;84.6;o;NA
Rhca;3613;8.15;7.65;2;K;7_Rhca;38.1;o;NA
Rhca;2251;6.46;7.74;3;K;7_Rhca;44.2;o;NA
Rhca;2938;7.32;7.88;4;B;MDA_Rhca;49.3;l;NA
Rhca;267;7.55;6.96;3;B;MDA_Rhca;45.1;l;NA
Rhca;1795;5.66;5.91;2;B;MDA_Rhca;30;l;NA
Rhca;1972;6.46;5.71;2;B;MDA_Rhca;27.6;l;NA
Rhca;2522;6.99;6.75;3;B;MDA_Rhca;43.3;l;NA
Rhca;1597;5.88;5.71;1;B;MDA_Rhca;15.5;l;NA
Rhca;1852;5.77;5.83;3;B;MDA_Rhca;32.2;l;NA
Rhca;782;4.77;4.73;1;B;MDA_Rhca;13.6;l;NA
Rhca;1931;7.35;6.01;1;B;MDA_Rhca;15.3;l;NA
Rhca;357;8.14;8.12;4;C;MR1_Rhca;74.2;l;NA
Rhca;3443;7.81;7.93;3;C;MR1_Rhca;59.7;l;NA
Rhca;3286;8.38;3.04;4;C;MR1_Rhca;55.8;l;NA
Rhca;4605;8.08;8.66;4;C;MR1_Rhca;78.4;l;NA
Rhca;2785;7.18;7.32;2;C;MR1_Rhca;24.9;l;NA
Rhca;2633;7.42;7.38;2;C;MR1_Rhca;29.5;l;NA
Rhca;3453;7.65;7.55;4;C;MR1_Rhca;50.9;l;NA
Rhca;3518;8.06;7.77;4;C;MR1_Rhca;75.9;l;NA
Rhca;3397;7.76;7.56;4;C;MR1_Rhca;62;l;NA
Rhca;272;7.27;7.28;2;D;MR2_Rhca;36;l;NA
Rhca;2252;5.82;6.32;2;D;MR2_Rhca;39.2;l;NA
Rhca;2365;6.64;6.23;2;D;MR2_Rhca;38.8;l;NA
Rhca;2025;5.96;6.42;2;D;MR2_Rhca;31.2;l;NA
Rhca;2736;6.95;7.44;3;D;MR2_Rhca;51.2;l;NA
Rhca;2442;6.88;6.67;4;D;MR2_Rhca;61.9;l;NA
Rhca;2427;6.68;6.42;3;D;MR2_Rhca;52.9;l;NA
Rhca;198;6.12;6.22;2;D;MR2_Rhca;32.3;l;NA
Rhca;2738;6.62;7.23;3;D;MR2_Rhca;78.9;l;NA
Rhca;2079;7.03;7.06;2;E;MR3_Rhca;29.4;l;NA
Rhca;191;6.81;5.92;2;E;MR3_Rhca;26.4;l;NA
Rhca;2573;7.38;7;3;E;MR3_Rhca;44.6;l;NA
Rhca;2051;6.75;6.08;3;E;MR3_Rhca;40.8;l;NA
Rhca;2253;6.86;6.52;2;E;MR3_Rhca;31.1;l;NA
Rhca;1287;5.21;5.69;2;E;MR3_Rhca;23.1;l;NA
Rhca;1359;5.73;5.05;1;E;MR3_Rhca;19.4;l;NA
Rhca;2119;5.9;6.18;3;E;MR3_Rhca;37.5;l;NA
Rhca;1545;6.22;6;1;F;MR4_Rhca;17.3;l;NA
Rhca;2364;7;7.22;1;F;MR4_Rhca;16.2;l;NA
Rhca;1941;6.64;6.37;3;F;MR4_Rhca;37.6;l;NA
Rhca;2686;7.46;6.69;2;F;MR4_Rhca;41.9;l;NA
Rhca;2537;7.31;6.59;3;F;MR4_Rhca;48.6;l;NA
Rhca;2949;6.93;7.25;4;F;MR4_Rhca;67.5;l;NA
Rhca;1459;6.1;5.38;3;F;MR4_Rhca;38.1;l;NA
Rhca;167;5.84;5.35;1;F;MR4_Rhca;22.4;l;NA
Rhca;3041;7.42;8.28;3;L;T_Rhca;45;o;NA
Rhca;2293;6.63;7.51;4;L;T_Rhca;31.1;o;NA
Rhca;2312;6.99;6.29;4;L;T_Rhca;37.8;o;NA
Rhca;2622;7.4;7.66;3;L;T_Rhca;51.9;o;NA
Rhca;1727;6.93;6.9;4;L;T_Rhca;33.5;o;NA
Rhca;2436;6.71;6.7;3;L;T_Rhca;30.2;o;NA
Rhca;3237;7.64;6.93;4;L;T_Rhca;30.2;o;NA
Rhca;2409;7.45;6.5;3;L;T_Rhca;42.7;o;NA
Rini;612;10.12;9.13;18;G;301_M9_Rini;26.4;o;NA
Rini;216;7.08;6.41;4;G;301_M9_Rini;6;o;NA
Rini;509;9.04;8.57;8;G;301_M9_Rini;12.9;o;NA
Rini;382;8.37;8.04;14;G;301_M9_Rini;16.5;o;NA
Rini;747;10.4;9.73;24;G;301_M9_Rini;40;o;NA
Rini;377;8.9;8.15;8;G;301_M9_Rini;13.3;o;NA
Rini;411;8.56;8.13;7;G;301_M9_Rini;12.9;o;NA
Rini;531;10.11;9.51;30;H;303_M1_Rini;28.8;o;NA
Rini;388;8.9;8.45;20;H;303_M1_Rini;18.1;o;NA
Rini;251;7.15;6.95;3;H;303_M1_Rini;3.4;o;NA
Rini;662;10.29;9.97;26;H;303_M1_Rini;26.3;o;NA
Rini;655;10.43;9.85;22;H;303_M1_Rini;23.9;o;NA
Rini;555;9.73;9.3;18;H;303_M1_Rini;17.4;o;NA
Rini;688;10.75;9.9;24;H;303_M1_Rini;29.3;o;NA
Rini;444;9.17;8.42;14;H;303_M1_Rini;12.9;o;NA
Rini;239;7.4;7.33;6;I;314_Ma_Rini;2.9;o;NA
Rini;249;8.07;7.25;9;I;314_Ma_Rini;4.5;o;NA
Rini;367;8.65;8.25;11;I;314_Ma_Rini;5.8;o;NA
Rini;283;7.86;7.69;6;I;314_Ma_Rini;7.7;o;NA
Rini;425;9.51;8.9;19;I;314_Ma_Rini;19.7;o;NA
Rini;418;8.75;8.32;15;I;314_Ma_Rini;12.7;o;NA
Rini;324;8.59;8.05;14;I;314_Ma_Rini;9.8;o;NA
Rini;412;8.96;8.35;13;J;314_Mb_Rini;13.4;o;NA
Rini;384;8.93;8.47;6;J;314_Mb_Rini;8;o;NA
Rini;349;8.36;7.74;15;J;314_Mb_Rini;16.3;o;NA
Rini;364;8.96;7.88;9;J;314_Mb_Rini;13.1;o;NA
Rini;555;9.66;9.05;24;J;314_Mb_Rini;31.5;o;NA
Rini;492;9.54;8.89;13;J;314_Mb_Rini;19.4;o;NA
Rini;325;8.56;8.01;23;J;314_Mb_Rini;17.3;o;NA
Rini;215;7.39;6.87;9;K;314_Mc_Rini;8.5;o;NA
Rini;198;7.03;6.59;8;K;314_Mc_Rini;2.9;o;NA
Rini;285;8.16;7.32;7;K;314_Mc_Rini;5;o;NA
Rini;490;9.3;9.31;25;K;314_Mc_Rini;20.7;o;NA
Rini;160;6.7;6.01;3;K;314_Mc_Rini;2.5;o;NA
Rini;225;7.02;7.01;15;K;314_Mc_Rini;9.8;o;NA
Rini;575;9.87;9.36;13;L;314_Md_Rini;12.6;o;NA
Rini;221;6.65;6.29;4;L;314_Md_Rini;3;o;NA
Rini;236;7.56;6.92;7;L;314_Md_Rini;5.3;o;NA
Rini;435;8.77;9.05;37;L;314_Md_Rini;27.8;o;NA
Rini;192;7.01;6.03;5;L;314_Md_Rini;1.9;o;NA
Rini;445;9.1;8.71;8;L;314_Md_Rini;7.9;o;NA
Rini;231;7.24;7.2;6;A;M10_Rini;9.3;l;NA
Rini;235;7.52;7.24;3;A;M10_Rini;5.7;l;NA
Rini;411;8.99;8.67;9;A;M10_Rini;16;l;NA
Rini;186;6.35;6.13;2;A;M10_Rini;4.5;l;NA
Rini;154;6.2;6.02;2;A;M10_Rini;4.3;l;NA
Rini;348;8.32;7.44;8;A;M10_Rini;14.3;l;NA
Rini;254;7.48;7.01;5;A;M10_Rini;8;l;NA
Rini;305;8.32;7.97;8;A;M10_Rini;13.2;l;NA
Rini;4721;8.44;8.15;12;B;MA_Rini;30.3;l;NA
Rini;420;8.76;8.35;3;B;MA_Rini;4.3;l;NA
Rini;278;7.38;7.48;5;B;MA_Rini;3.7;l;NA
Rini;435;8.86;8.27;7;B;MA_Rini;9;l;NA
Rini;714;11.05;10.28;38;B;MA_Rini;40;l;NA
Rini;302;8.21;7.7;8;B;MA_Rini;5.7;l;NA
Rini;297;7.74;7.16;3;B;MA_Rini;4.1;l;NA
Rini;298;7.08;7.45;3;B;MA_Rini;3.2;l;NA
Rini;555;9.58;9.56;17;C;MC_Rini;19;l;NA
Rini;409;7.81;8.24;15;C;MC_Rini;16.5;l;NA
Rini;146;6.52;5.76;3;C;MC_Rini;3.9;l;NA
Rini;409;8.17;8.21;7;C;MC_Rini;4.6;l;NA
Rini;356;8.23;8.05;10;C;MC_Rini;10.5;l;NA
Rini;541;10.01;9.24;13;C;MC_Rini;12.6;l;NA
Rini;416;8.78;9.04;15;C;MC_Rini;16.4;l;NA
Rini;234;8.95;7.86;8;C;MC_Rini;5.5;l;NA
Rini;405;8.7;9.16;6;D;MD_Rini;5.1;l;NA
Rini;541;9.37;9.88;15;D;MD_Rini;11.3;l;NA
Rini;517;8.75;9.34;12;D;MD_Rini;9.9;l;NA
Rini;351;7.92;7.65;11;D;MD_Rini;9.8;l;NA
Rini;425;8.38;8.84;6;D;MD_Rini;8;l;NA
Rini;574;9.43;9.64;11;D;MD_Rini;10.7;l;NA
Rini;413;8.29;8.54;7;D;MD_Rini;6.9;l;NA
Rini;272;6.98;7.06;2;D;MD_Rini;2.9;l;NA
Rini;388;8.94;8.4;13;E;MN_120718_Rini;10.3;l;NA
Rini;393;9.05;7.96;10;E;MN_120718_Rini;14.8;l;NA
Rini;310;8.12;7.52;12;E;MN_120718_Rini;8.9;l;NA
Rini;614;10.24;9.81;29;E;MN_120718_Rini;31.8;l;NA
Rini;460;9.36;8.71;19;E;MN_120718_Rini;20.5;l;NA
Rini;293;8.15;7.37;11;E;MN_120718_Rini;5.8;l;NA
Rini;461;8.81;8.7;20;E;MN_120718_Rini;26.9;l;NA
Rini;198;6.75;6.35;6;E;MN_120718_Rini;2.5;l;NA
Rini;285;8.47;7.5;6;E;MN_Rini;3.5;l;NA
Rini;327;8.39;7.42;13;E;MN_Rini;7.7;l;NA
Rini;390;7.48;8.18;9;F;MY_Rini;8.5;l;NA
Rini;281;7.25;6.76;10;F;MY_Rini;14;l;NA
Rini;371;8.48;7.89;13;F;MY_Rini;19.5;l;NA
Rini;590;9.53;9.3;28;F;MY_Rini;27.7;l;NA
Rini;418;8.15;8.02;11;F;MY_Rini;14.3;l;NA
Rini;495;8.33;8.15;14;F;MY_Rini;18.2;l;NA
Rini;283;6.84;6.66;12;F;MY_Rini;14.3;l;NA
Rini;353;8.59;8.27;10;F;MY_Rini;7.4;l;NA
Rini;359;8.58;7.84;7;M;Wegende_314_300618_Rini;1.6;o;NA
Rini;347;8.29;7.84;15;M;Wegende_314_300618_Rini;5.6;o;NA
Rini;377;8.23;7.75;17;M;Wegende_314_300618_Rini;5.4;o;NA
Rini;355;8.13;7.95;12;M;Wegende_314_300618_Rini;3.2;o;NA
Rini;321;7.88;7.85;6;M;Wegende_314_300618_Rini;3.5;o;NA
Rini;200;6.93;6.51;8;M;Wegende_314_300618_Rini;3.5;o;NA
Rini;240;7.3;6.45;4;M;Wegende_314_300618_Rini;1.9;o;NA
Rini;370;8.4;7.82;17;M;Wegende_314_300618_Rini;22.5;o;NA
Risp;1239;5.77;5.42;2;A;36_T3_Risp;6.6;l;NA
Risp;1368;5.72;5.62;3;A;36_T3_Risp;9.3;l;NA
Risp;109;5.09;5.46;2;A;36_T3_Risp;6.4;l;NA
Risp;712;3.96;4.64;1;A;36_T3_Risp;2.7;l;NA
Risp;1255;5.99;5.95;2;A;36_T3_Risp;5.9;l;NA
Risp;968;5.23;5.26;1;A;36_T3_Risp;3.5;l;NA
Risp;1618;6.17;6.27;4;A;36_T3_Risp;12.3;l;NA
Risp;1439;5.85;6.14;3;A;36_T3_Risp;9.9;l;NA
Risp;594;3.78;3.43;1;A;36_T3_Risp;3.3;l;NA
Risp;574;3.78;4.05;1;A;36_T3_Risp;3;l;NA
Risp;1488;5.71;6.06;5;B;M1_Risp;10.2;l;NA
Risp;1783;6.22;6.41;4;B;M1_Risp;9.9;l;NA
Risp;1763;6.56;6.59;6;B;M1_Risp;10.7;l;NA
Risp;2262;7.18;6.68;4;B;M1_Risp;15;l;NA
Risp;1576;5.83;5.57;3;B;M1_Risp;12.4;l;NA
Risp;1009;5.23;5.08;2;B;M1_Risp;7.8;l;NA
Risp;215;5.92;6.09;5;B;M1_Risp;16.4;l;NA
Risp;2948;7.43;7.25;7;B;M1_Risp;18;l;NA
Risp;1612;6.12;5.56;3;B;M1_Risp;11.5;l;NA
Risp;2794;6.86;7.32;4;G;M2_Risp;13.3;o;NA
Risp;4727;8.97;9.09;13;G;M2_Risp;36.2;o;NA
Risp;1881;6.46;6.43;3;G;M2_Risp;11.4;o;NA
Risp;239;6.52;7.07;6;G;M2_Risp;21.6;o;NA
Risp;2484;7.62;7.81;10;G;M2_Risp;20.7;o;NA
Risp;2125;6.35;6.14;6;G;M2_Risp;18.7;o;NA
Risp;1985;6.04;6.18;6;G;M2_Risp;18.5;o;NA
Risp;228;6.77;6.33;4;G;M2_Risp;16.2;o;NA
Risp;1271;5.93;5.63;2;G;M2_Risp;8.2;o;NA
Risp;998;5.15;5.04;1;G;M2_Risp;4;o;NA
Risp;714;4.5;4.8;1;G;M2_Risp;2.4;o;NA
Risp;1331;5.71;5.79;3;H;M4_Risp;9.6;o;NA
Risp;1198;5.36;5.31;2;H;M4_Risp;4.2;o;NA
Risp;809;5.01;4.82;2;H;M4_Risp;5.3;o;NA
Risp;1328;6.04;5.45;3;H;M4_Risp;10.6;o;NA
Risp;1156;5.19;5.12;2;H;M4_Risp;6.9;o;NA
Risp;1525;6.37;6.34;6;H;M4_Risp;12.2;o;NA
Risp;1357;5.67;5.52;3;H;M4_Risp;10.8;o;NA
Risp;952;5.01;4.99;2;H;M4_Risp;4.2;o;NA
Risp;2054;6.93;6.94;6;C;R1_Risp;15.3;l;NA
Risp;1913;6.4;6.56;2;C;R1_Risp;6.4;l;NA
Risp;1597;5.72;5.51;1;C;R1_Risp;3.6;l;NA
Risp;1351;5.55;5.68;1;C;R1_Risp;2.7;l;NA
Risp;1063;5.23;4.67;1;C;R1_Risp;1.7;l;NA
Risp;2635;8.09;7.48;4;C;R1_Risp;10;l;NA
Risp;3259;7.92;8.26;6;C;R1_Risp;19.5;l;NA
Risp;160;6.44;6.07;2;C;R1_Risp;7;l;NA
Risp;2317;6.54;7.02;3;I;R1_Risp;10.5;o;NA
Risp;3131;7.66;7.56;6;I;R1_Risp;15.5;o;NA
Risp;3998;8.78;8.5;7;I;R1_Risp;17.3;o;NA
Risp;3273;7.94;7.23;3;I;R1_Risp;10.6;o;NA
Risp;2933;7.62;7.79;4;I;R1_Risp;13.5;o;NA
Risp;2008;6.02;6.42;2;I;R1_Risp;7.7;o;NA
Risp;2007;7.02;6.05;3;I;R1_Risp;11.6;o;NA
Risp;2604;7.13;6.92;3;I;R1_Risp;13.5;o;NA
Risp;2806;7.24;7.41;5;I;R1_Risp;15;o;NA
Risp;889;4.75;5.05;1;D;R2_Risp;4.4;l;NA
Risp;197;6.38;6.57;4;D;R2_Risp;14.7;l;NA
Risp;2984;7.52;8;5;D;R2_Risp;17.6;l;NA
Risp;1785;5.84;6.13;3;D;R2_Risp;12.5;l;NA
Risp;935;4.71;4.86;1;D;R2_Risp;4.1;l;NA
Risp;764;4.45;4.57;1;D;R2_Risp;4.4;l;NA
Risp;2202;6.34;6.29;6;D;R2_Risp;22.9;l;NA
Risp;643;4.81;4.5;2;D;R2_Risp;7;l;NA
Risp;1414;5.17;5.06;2;J;R2_Risp;8;o;NA
Risp;1049;4.76;4.62;2;J;R2_Risp;6.3;o;NA
Risp;1357;5.96;5.24;2;J;R2_Risp;7.8;o;NA
Risp;1067;5.02;4.41;2;J;R2_Risp;6.2;o;NA
Risp;692;4.57;4.1;1;J;R2_Risp;3.9;o;NA
Risp;1975;5.52;5.69;5;J;R2_Risp;13.3;o;NA
Risp;150;5.95;5.29;2;J;R2_Risp;7.9;o;NA
Risp;688;4.98;4.27;2;J;R2_Risp;3.7;o;NA
Risp;1963;6.46;6.99;1;E;R3_Risp;5.3;l;NA
Risp;3926;8.66;9.1;5;E;R3_Risp;20.2;l;NA
Risp;2575;7.08;7.4;2;E;R3_Risp;9.8;l;NA
Risp;3314;8.1;8.05;4;E;R3_Risp;15.8;l;NA
Risp;5621;9.91;9.62;12;E;R3_Risp;41.7;l;NA
Risp;1513;6.18;5.55;1;E;R3_Risp;4.1;l;NA
Risp;2222;6.15;7.04;3;E;R3_Risp;12.5;l;NA
Risp;2766;6.6;7.1;2;E;R3_Risp;9.6;l;NA
Risp;130;5.69;5.29;7;K;R3_Risp;12.4;o;NA
Risp;1092;5.1;5.2;4;K;R3_Risp;9.7;o;NA
Risp;1029;5.52;4.77;5;K;R3_Risp;9.8;o;NA
Risp;1298;5.33;5.17;5;K;R3_Risp;9.5;o;NA
Risp;526;4.61;4.11;1;K;R3_Risp;0.8;o;NA
Risp;661;4.44;3.98;1;K;R3_Risp;3.7;o;NA
Risp;2355;6.8;7.26;5;K;R3_Risp;14;o;NA
Risp;2718;7.46;7.66;2;K;R3_Risp;6.7;o;NA
Risp;384;8.48;8.47;8;F;R4_Risp;18;l;NA
Risp;2295;6.59;7.09;6;F;R4_Risp;12.8;l;NA
Risp;2077;6.69;7.03;2;F;R4_Risp;6.4;l;NA
Risp;3285;7.75;7.5;7;F;R4_Risp;20.5;l;NA
Risp;3177;7.26;7.45;7;F;R4_Risp;21;l;NA
Risp;2979;7.3;6.88;6;F;R4_Risp;15.3;l;NA
Risp;2198;6.14;6.78;2;F;R4_Risp;6.4;l;NA
Risp;1727;6.08;5.97;2;F;R4_Risp;6.1;l;NA
Risp;1193;4.45;5.49;1;L;R4_Risp;2.4;o;NA
Risp;2164;6.65;6.71;1;L;R4_Risp;2.7;o;NA
Risp;1302;5.15;5.56;1;L;R4_Risp;2.4;o;NA
Risp;1602;5.82;5.54;1;L;R4_Risp;3.2;o;NA
Risp;1106;5.01;5.52;1;L;R4_Risp;2.1;o;NA
Risp;2062;6.46;6.33;1;L;R4_Risp;3.3;o;NA
Sani;1042;5.9;5.25;3;A;1_Sani;13.5;l;NA
Sani;80;5.18;5.04;3;A;1_Sani;6.3;l;NA
Sani;602;5.16;4.26;3;A;1_Sani;7.6;l;NA
Sani;775;5.47;4.77;3;A;1_Sani;7.9;l;NA
Sani;714;5.73;4.4;3;A;1_Sani;5.6;l;NA
Sani;755;4.78;5.55;3;A;1_Sani;9.1;l;NA
Sani;948;6.38;4.93;3;A;1_Sani;11.1;l;NA
Sani;694;5.05;4.31;3;A;1_Sani;8.5;l;NA
Sani;1026;5.5;4.94;3;B;2_Sani;13;l;NA
Sani;847;5.51;4.41;3;B;2_Sani;12.1;l;NA
Sani;922;5.5;4.69;4;B;2_Sani;14.8;l;NA
Sani;967;5.74;5.02;3;B;2_Sani;10.6;l;NA
Sani;1117;5.75;5.32;3;B;2_Sani;14.6;l;NA
Sani;1288;6.5;5.84;3;B;2_Sani;9.4;l;NA
Sani;1285;5.9;5.25;3;B;2_Sani;15.6;l;NA
Sani;82;5.48;4.38;3;B;2_Sani;9.2;l;NA
Sani;1173;6.34;4.53;3;B;2_Sani;16.7;l;NA
Sani;912;6.27;5.09;3;B;2_Sani;15.1;l;NA
Sani;674;4.49;4.01;3;B;2_Sani;10.6;l;NA
Sani;872;6.27;4.38;3;B;2_Sani;14.7;l;NA
Sani;75;5.29;4.26;3;B;2_Sani;9.8;l;NA
Sani;1214;5.74;4.86;3;B;2_Sani;16.4;l;NA
Sani;949;5.71;4.92;3;B;2_Sani;15.1;l;NA
Sani;845;5.56;4.47;3;C;3_Sani;10;l;NA
Sani;849;5.69;4.51;3;C;3_Sani;10;l;NA
Sani;756;4.88;4.55;3;C;3_Sani;8.7;l;NA
Sani;739;5.58;4.51;3;C;3_Sani;9.8;l;NA
Sani;643;4.78;4.21;3;C;3_Sani;6.9;l;NA
Sani;775;5.44;4.39;3;C;3_Sani;10.6;l;NA
Sani;749;5.28;4.68;4;C;3_Sani;10.8;l;NA
Sani;499;4.98;3.78;3;C;3_Sani;7.8;l;NA
Sani;599;5.02;4.16;3;C;3_Sani;9.3;l;NA
Sani;817;5.48;4.99;3;C;3_Sani;7.8;l;NA
Sani;852;4.81;4.72;3;C;3_Sani;9.6;l;NA
Sani;763;5.74;4.16;3;C;3_Sani;11.4;l;NA
Sani;898;4.87;4.06;3;C;3_Sani;11.3;l;NA
Sani;797;4.81;4.33;3;C;3_Sani;8.9;l;NA
Sani;92;4.8;5.32;3;C;3_Sani;9.9;l;NA
Sani;755;4.39;4.79;3;C;3_Sani;10.7;l;NA
Sani;685;4.19;4.32;3;C;3_Sani;9.6;l;NA
Sani;753;4.8;3.71;3;C;3_Sani;10;l;NA
Sani;476;4.52;4.05;2;C;3_Sani;5.5;l;NA
Sani;765;4.3;4.44;4;D;4_Sani;13;l;NA
Sani;987;5.76;4.18;3;D;4_Sani;11.3;l;NA
Sani;958;5.65;4.65;3;D;4_Sani;9.7;l;NA
Sani;724;5.36;4.58;3;D;4_Sani;7.4;l;NA
Sani;788;6.04;4.1;3;D;4_Sani;10.8;l;NA
Sani;555;4.92;3.91;3;D;4_Sani;8.1;l;NA
Sani;798;5.88;4.47;3;D;4_Sani;10.1;l;NA
Sani;799;6.02;4.81;4;D;4_Sani;8.6;l;NA
Sani;807;4.83;4.11;3;E;Ma_Sani;8.6;l;NA
Sani;896;4.51;4.39;3;E;Ma_Sani;8.1;l;NA
Sani;962;5.85;5.01;3;E;Ma_Sani;11.2;l;NA
Sani;889;5.37;4.03;3;E;Ma_Sani;10.1;l;NA
Sani;933;5.05;4.71;3;E;Ma_Sani;10.3;l;NA
Sani;801;5.6;4.14;2;E;Ma_Sani;8.2;l;NA
Sani;918;5.72;4.62;3;E;Ma_Sani;10.5;l;NA
Sani;872;5.42;4.88;3;E;Ma_Sani;7.5;l;NA
Sani;782;5.27;4.36;2;E;Ma_Sani;6.3;l;NA
Sani;1267;6.13;5.07;3;E;Ma_Sani;10;l;NA
Sani;1172;5.52;5.65;3;E;Ma_Sani;7.6;l;NA
Sani;1026;5.47;4.83;3;E;Ma_Sani;9.1;l;NA
Sani;912;4.6;4.75;3;E;Ma_Sani;9.5;l;NA
Sani;1037;4.45;4.83;3;E;Ma_Sani;9.8;l;NA
Sani;1049;5.14;4.55;3;E;Ma_Sani;10.8;l;NA
Sani;1018;5.28;5.39;3;E;Ma_Sani;8.8;l;NA
Sani;904;4.94;5.18;3;E;Ma_Sani;9.9;l;NA
Sani;1175;5.74;5.3;3;F;MAA_Sani;6.9;l;NA
Sani;913;4.7;5.6;3;F;MAA_Sani;7.7;l;NA
Sani;888;6;4.64;3;F;MAA_Sani;6.9;l;NA
Sani;1028;5.73;5.06;3;F;MAA_Sani;6.9;l;NA
Sani;936;5.52;4.96;3;F;MAA_Sani;7.2;l;NA
Sani;1072;5.65;4.95;3;F;MAA_Sani;8.3;l;NA
Sani;1423;6.53;5.71;3;F;MAA_Sani;13.7;l;NA
Sani;804;4.4;4.26;2;F;MAA_Sani;5.9;l;NA
Sani;1228;5.83;6.35;3;F;MAA_Sani;11.1;l;NA
Sani;927;6.2;5.36;2;F;MAA_Sani;7.7;l;NA
Sani;1007;5.64;5.42;3;F;MAA_Sani;6.7;l;NA
Sani;1015;5.44;5.15;3;F;MAA_Sani;7.2;l;NA
Sani;1201;5.28;5.77;3;F;MAA_Sani;7;l;NA
Sani;954;6.37;4.58;3;F;MAA_Sani;7.8;l;NA
Sani;768;6.35;4.2;3;F;MAA_Sani;6.7;l;NA
Sani;922;6.14;4.48;3;F;MAA_Sani;8.2;l;NA
Sani;744;5.7;5.21;3;G;Mb_Sani;8.1;l;NA
Sani;725;5.43;4.71;3;G;Mb_Sani;11.3;l;NA
Sani;824;5.17;4.5;3;G;Mb_Sani;11.7;l;NA
Sani;804;4.96;4.61;3;G;Mb_Sani;10.2;l;NA
Sani;72;5.18;4.07;3;G;Mb_Sani;11.6;l;NA
Sani;943;5.34;4.97;3;G;Mb_Sani;12.4;l;NA
Sani;1027;5.01;5.38;3;G;Mb_Sani;13.5;l;NA
Sani;672;4.8;4.76;3;G;Mb_Sani;11.4;l;NA
Sani;847;4.94;4.77;3;G;Mb_Sani;12;l;NA
Sani;82;4.84;4.94;3;G;Mb_Sani;12.5;l;NA
Sani;838;4.7;4.74;3;G;Mb_Sani;11.1;l;NA
Sani;75;4.72;5.16;3;G;Mb_Sani;10.3;l;NA
Sani;755;5.26;4.38;3;G;Mb_Sani;11.5;l;NA
Sani;769;5.71;4.61;3;G;Mb_Sani;11.7;l;NA
Sani;796;5.07;4.35;3;G;Mb_Sani;10.1;l;NA
Sani;676;5.32;4.57;3;G;Mb_Sani;11;l;NA
Sani;941;5;4.59;3;G;Mb_Sani;10.4;l;NA
Soau;519;10.16;9.42;4;I;2018_OG_Soau;12.9;o;0.00
Soau;540;10.16;10.21;3;I;2018_OG_Soau;10.2;o;0.00
Soau;3932;8.91;8.92;2;I;2018_OG_Soau;2.6;o;0.00
Soau;3997;8.86;8.81;2;I;2018_OG_Soau;3.6;o;0.00
Soau;4185;8.37;8.59;4;I;2018_OG_Soau;6.8;o;0.00
Soau;4568;9.67;9.49;1;I;2018_OG_Soau;2.1;o;0.00
Soau;4253;9.11;8.64;1;I;2018_OG_Soau;2.9;o;0.00
Soau;422;9.2;9.3;4;A;30_x1_L_HSP_Soau;12.2;l;0.00
Soau;3568;7.48;9.02;5;A;30_x1_L_HSP_Soau;12;l;0.00
Soau;3503;8.01;8.44;3;A;30_x1_L_HSP_Soau;7.1;l;0.00
Soau;3143;7.5;8.17;4;A;30_x1_L_HSP_Soau;9.9;l;0.00
Soau;402;8.06;8.86;3;A;30_x1_L_HSP_Soau;10.7;l;1.00
Soau;4337;9.16;8.52;4;A;30_x1_L_HSP_Soau;12.3;l;0.00
Soau;4129;8.71;8.95;2;J;30x_MA_Soau;6.2;o;0.00
Soau;187;6.63;6.68;2;J;30x_MA_Soau;2.5;o;1.00
Soau;2256;5.97;6.81;1;J;30x_MA_Soau;1.8;o;1.00
Soau;1714;6.97;6.24;1;J;30x_MA_Soau;2.8;o;1.00
Soau;1977;6.36;7;2;J;30x_MA_Soau;4;o;1.00
Soau;2184;7.29;7.18;2;J;30x_MA_Soau;3.4;o;0.00
Soau;2612;7.02;7.42;5;J;30x_MA_Soau;6.3;o;1.00
Soau;3108;8.15;8.35;3;K;312_Weg_Soau;7.4;o;1.00
Soau;2699;8.4;7.1;5;K;312_Weg_Soau;10.7;o;0.00
Soau;2604;6.99;8.08;6;K;312_Weg_Soau;11.8;o;0.00
Soau;261;7.5;8.24;5;K;312_Weg_Soau;11;o;0.00
Soau;2576;7.75;6.97;5;K;312_Weg_Soau;6.7;o;0.00
Soau;2673;8.22;7.72;2;K;312_Weg_Soau;3.8;o;1.00
Soau;5331;9.64;9.97;4;B;35_Straße_Soau;13.3;l;0.00
Soau;574;9.31;9.82;3;B;35_Straße_Soau;10.7;l;1.00
Soau;4814;8.74;9.56;3;B;35_Straße_Soau;12.4;l;0.00
Soau;5944;9.36;9.9;3;B;35_Straße_Soau;5;l;0.00
Soau;4714;8.19;9.35;4;B;35_Straße_Soau;11.3;l;0.00
Soau;3871;8.2;8.9;2;B;35_Straße_Soau;7.6;l;0.00
Soau;2849;8.01;7.61;5;L;80818_Soau;11.4;o;0.00
Soau;3832;9.2;8.8;5;L;80818_Soau;14.1;o;0.00
Soau;3026;7.92;7.56;6;L;80818_Soau;14.1;o;0.00
Soau;3117;8.04;7.89;3;L;80818_Soau;9.3;o;0.00
Soau;3267;7.8;8.26;4;L;80818_Soau;10.4;o;0.00
Soau;2964;7.78;7.81;3;L;80818_Soau;5.4;o;0.00
Soau;2463;7.82;7.14;4;L;80818_Soau;7.8;o;0.00
Soau;2806;7.85;7.31;3;L;80818_Soau;9.8;o;0.00
Soau;3526;8.43;8.03;4;L;80818_Soau;7.7;o;0.00
Soau;4324;8.97;8.96;5;L;80818_Soau;15.9;o;0.00
Soau;4856;10.17;10.09;5;C;M2 (35_Weg)_Soau;18.5;l;0.00
Soau;4335;8.52;8.99;3;C;M2 (35_Weg)_Soau;10.1;l;0.00
Soau;2546;6.23;6.94;3;C;M2 (35_Weg)_Soau;11.4;l;0.00
Soau;4304;8.83;8.73;2;C;M2 (35_Weg)_Soau;6;l;1.00
Soau;2372;7.06;7.15;3;C;M2 (35_Weg)_Soau;10.7;l;1.00
Soau;3766;8.23;7.73;0;C;M2 (35_Weg)_Soau;0;l;1.00
Soau;3951;8.55;8.55;5;C;M2 (35_Weg)_Soau;12.2;l;0.00
Soau;4811;9.1;9.17;3;D;M4_Soau;13.2;l;0.00
Soau;5231;10.17;10.1;3;D;M4_Soau;9.9;l;0.00
Soau;4075;9.06;8.3;6;D;M4_Soau;15.4;l;0.00
Soau;5119;8.84;9.56;3;D;M4_Soau;8.2;l;0.00
Soau;2521;6.5;6.7;4;D;M4_Soau;7.5;l;1.00
Soau;4123;8.83;7.9;4;D;M4_Soau;10.4;l;1.00
Soau;477;9.26;8.8;3;D;M4_Soau;10.1;l;0.00
Soau;4004;8.95;8.86;4;E;M5_Soau;12.8;l;1.00
Soau;473;8.75;9.57;6;E;M5_Soau;19.8;l;1.00
Soau;4326;9.09;9.01;4;E;M5_Soau;13.4;l;0.00
Soau;4295;9.14;8.49;5;E;M5_Soau;16.7;l;1.00
Soau;5567;9.14;9.6;6;E;M5_Soau;19.6;l;1.00
Soau;481;8.81;7.93;4;E;M5_Soau;15.4;l;1.00
Soau;3241;8.11;8.43;6;F;M6 (35_Weg)_Soau;14.6;l;0.00
Soau;3571;8.93;8.47;4;F;M6 (35_Weg)_Soau;12.7;l;0.00
Soau;4052;8.54;8.96;6;F;M6 (35_Weg)_Soau;13.7;l;0.00
Soau;3715;7.67;8.29;4;F;M6 (35_Weg)_Soau;11.5;l;0.00
Soau;3503;8.73;7.8;6;F;M6 (35_Weg)_Soau;15.6;l;0.00
Soau;3702;8.1;8.44;2;F;M6 (35_Weg)_Soau;7.7;l;0.00
Soau;2698;7.52;7.6;3;G;M8_Soau;5.8;l;1.00
Soau;5721;9.51;10.02;7;G;M8_Soau;19.4;l;0.00
Soau;3467;7.97;7.72;5;G;M8_Soau;14.3;l;0.00
Soau;5341;9.02;9.92;4;G;M8_Soau;9.3;l;0.00
Soau;392;8.72;7.92;1;G;M8_Soau;2;l;1.00
Soau;5923;8.89;9.59;3;G;M8_Soau;10.1;l;0.00
Soau;4163;9.11;9.1;3;G;M8_Soau;7.2;l;0.00
Soau;5187;8.68;8.68;7;G;M8_Soau;17.7;l;0.00
Soau;4945;7.97;9.4;4;G;M8_Soau;11.3;l;0.00
Soau;2529;7.63;7.28;4;H;MAA_Soau;12.2;l;0.00
Soau;3748;8.08;8.94;6;H;MAA_Soau;23.6;l;0.00
Soau;5806;9.08;9.71;2;H;MAA_Soau;5.8;l;1.00
Soau;3657;8.66;8.66;5;H;MAA_Soau;15.8;l;0.00
Soau;390;7.38;8.87;4;H;MAA_Soau;11.2;l;1.00
Soau;418;8.37;8.58;2;H;MAA_Soau;8.1;l;1.00
Soau;4844;9.58;9.01;4;H;MAA_Soau;13.8;l;1.00
Soau;3756;7.9;8.82;3;H;MAA_Soau;8.3;l;0.00
Soau;4698;9.18;9.12;5;M;MxY_Soau;18;o;0.00
Soau;4847;9.55;9.24;3;M;MxY_Soau;12.1;o;0.00
Soau;3492;8.35;8.29;3;M;MxY_Soau;5.8;o;0.00
Soau;256;7.47;6.44;4;M;MxY_Soau;4.8;o;1.00
Soau;3108;7.31;7.35;2;M;MxY_Soau;6.9;o;1.00
Soau;3061;7.71;7.61;2;M;MxY_Soau;3.2;o;0.00
Soau;2962;8.8;7.09;2;M;MxY_Soau;6.3;o;1.00
Soau;1982;6.95;6.95;4;N;Soau_OG_040818_Soau;8.2;o;0.00
Soau;2514;7.3;7.5;5;N;Soau_OG_040818_Soau;9.9;o;0.00
Soau;2576;7.65;6.94;2;N;Soau_OG_040818_Soau;6.7;o;0.00
Soau;2657;7.82;7.15;3;N;Soau_OG_040818_Soau;8.9;o;0.00
Soau;256;6.86;7.79;2;N;Soau_OG_040818_Soau;6.8;o;1.00
Soau;2581;7.33;7.31;5;N;Soau_OG_040818_Soau;10.1;o;0.00
Soau;3704;9.04;8.47;4;O;Soau_OG_Soau;14.8;o;0.00
Soau;2668;7.71;7.01;5;O;Soau_OG_Soau;10;o;0.00
Soau;3744;9;8.34;5;O;Soau_OG_Soau;15.3;o;0.00
Soau;337;8.26;8.74;4;O;Soau_OG_Soau;12.7;o;0.00
Soau;3815;9.07;8.39;3;O;Soau_OG_Soau;7.8;o;1.00
Soau;3899;9.19;9.02;4;O;Soau_OG_Soau;9.1;o;1.00
Soau;3014;7.57;7.87;5;O;Soau_OG_Soau;9.9;o;0.00
Soau;3468;7.79;8.74;6;O;Soau_OG_Soau;4.8;o;0.00
Soau;2509;6.7;7.63;3;O;Soau_OG_Soau;8.7;o;0.00
Viop;7104;10.65;9.88;1;H;D1_Viop;91.7;o;NA
Viop;6733;9.85;9.46;1;H;D1_Viop;86.3;o;NA
Viop;4709;8.44;8.25;1;H;D1_Viop;72.4;o;NA
Viop;6589;10.36;9.6;1;H;D1_Viop;84.6;o;NA
Viop;6238;10.01;9.76;1;H;D1_Viop;92.1;o;NA
Viop;6205;9.9;9.35;1;H;D1_Viop;82.1;o;NA
Viop;7258;10.31;9.91;1;H;D1_Viop;96.7;o;NA
Viop;7257;10.22;10.45;1;H;D1_Viop;93.5;o;NA
Viop;592;9.73;8.99;1;A;Fluss1_Viop;80.9;l;NA
Viop;7152;10.44;9.95;1;A;Fluss1_Viop;96;l;NA
Viop;5219;9.79;8.54;1;A;Fluss1_Viop;76.1;l;NA
Viop;4698;9.77;8.27;1;A;Fluss1_Viop;62.5;l;NA
Viop;6015;9.42;9.11;1;A;Fluss1_Viop;89.7;l;NA
Viop;4861;9.23;8.39;1;A;Fluss1_Viop;82.1;l;NA
Viop;4932;8.81;8.61;1;A;Fluss1_Viop;87.5;l;NA
Viop;5968;9.61;8.97;1;A;Fluss1_Viop;86.2;l;NA
Viop;635;10.53;9.46;1;B;Fluss13_Viop;65.8;l;NA
Viop;6013;9.7;8.84;1;B;Fluss13_Viop;70.5;l;NA
Viop;6296;9.6;8.89;1;B;Fluss13_Viop;64.9;l;NA
Viop;6635;9.49;9.41;1;B;Fluss13_Viop;80.4;l;NA
Viop;5155;8.62;8.75;1;B;Fluss13_Viop;50.1;l;NA
Viop;548;9.44;9.27;1;B;Fluss13_Viop;54;l;NA
Viop;5916;9.17;9.12;1;B;Fluss13_Viop;64.5;l;NA
Viop;826;11.39;10.54;1;C;Fluss3_Viop;62.6;l;NA
Viop;9283;11.79;11.55;1;C;Fluss3_Viop;72.5;l;NA
Viop;7566;11.19;10.01;1;C;Fluss3_Viop;72.7;l;NA
Viop;5282;9.81;8.76;1;C;Fluss3_Viop;60.3;l;NA
Viop;7448;11.15;9.89;1;C;Fluss3_Viop;61.4;l;NA
Viop;7194;11.37;10.54;1;D;Fluss7_Viop;81.3;l;NA
Viop;5556;10.96;9.39;1;D;Fluss7_Viop;73.4;l;NA
Viop;6675;10.48;10.24;1;D;Fluss7_Viop;79.3;l;NA
Viop;4421;9.31;8.51;1;D;Fluss7_Viop;82.6;l;NA
Viop;4135;9.84;8.37;1;D;Fluss7_Viop;48.8;l;NA
Viop;6281;10.4;9.71;1;D;Fluss7_Viop;74.9;l;NA
Viop;6523;10.08;9.31;1;D;Fluss7_Viop;91.6;l;NA
Viop;4297;10.53;8.49;1;I;HSP1_Viop;56.5;o;NA
Viop;3458;9.44;7.38;1;I;HSP1_Viop;53.9;o;NA
Viop;420;9.34;8.45;1;I;HSP1_Viop;63.9;o;NA
Viop;4477;9.7;8.97;1;I;HSP1_Viop;62.8;o;NA
Viop;4815;9.88;8.46;1;I;HSP1_Viop;57.7;o;NA
Viop;4417;9.5;8.01;1;I;HSP1_Viop;62.6;o;NA
Viop;4372;9.35;7.93;1;I;HSP1_Viop;68.7;o;NA
Viop;7186;9.33;10.08;1;E;Lea_Viop;70.4;l;NA
Viop;6165;9.32;9.88;1;E;Lea_Viop;74.6;l;NA
Viop;7092;9.61;10.08;1;E;Lea_Viop;64.4;l;NA
Viop;5455;9.03;8.91;1;E;Lea_Viop;56.9;l;NA
Viop;7593;9.55;10.94;1;E;Lea_Viop;66.9;l;NA
Viop;6048;9.67;9.5;1;E;Lea_Viop;64.1;l;NA
Viop;5903;9.67;9.48;1;E;Lea_Viop;59.8;l;NA
Viop;5468;10.04;9.5;1;J;M1_Viop;73.2;o;NA
Viop;6602;10.38;9.47;1;J;M1_Viop;85.8;o;NA
Viop;4961;9.56;8.71;1;J;M1_Viop;69.6;o;NA
Viop;6345;9.3;9.71;1;J;M1_Viop;89;o;NA
Viop;5985;10.65;9.78;1;J;M1_Viop;96.3;o;NA
Viop;4658;9.21;8.23;1;J;M1_Viop;80;o;NA
Viop;452;9.25;8.38;1;J;M1_Viop;64.1;o;NA
Viop;5942;11.14;9.67;1;K;OG1_Viop;91.5;o;NA
Viop;6007;9.84;9.08;1;K;OG1_Viop;98.1;o;NA
Viop;4935;9.39;8.75;1;K;OG1_Viop;81.9;o;NA
Viop;5269;8.47;8.63;1;K;OG1_Viop;96.6;o;NA
Viop;4828;9.32;8.11;1;K;OG1_Viop;84.9;o;NA
Viop;4778;10.18;8.39;1;K;OG1_Viop;82.5;o;NA
Viop;4512;9.44;8.28;1;K;OG1_Viop;79.8;o;NA
Viop;4742;9.8;8.92;1;L;OG3_Viop;81.1;o;NA
Viop;4636;10.51;8.58;1;L;OG3_Viop;97.9;o;NA
Viop;5442;10.72;8.96;1;L;OG3_Viop;76.7;o;NA
Viop;5065;10.15;8.89;1;L;OG3_Viop;78.8;o;NA
Viop;4731;9.68;8.27;1;L;OG3_Viop;82.4;o;NA
Viop;3583;9.76;7.4;1;L;OG3_Viop;86.4;o;NA
Viop;4607;8.98;8.47;1;L;OG3_Viop;71;o;NA
Viop;5576;10.29;9.16;1;M;PLot303_Viop;66.5;o;NA
Viop;657;9.73;10.07;1;M;PLot303_Viop;95.5;o;NA
Viop;5654;9.44;8.98;1;M;PLot303_Viop;67.9;o;NA
Viop;574;9.73;9.01;1;M;PLot303_Viop;63.6;o;NA
Viop;6265;10.66;9.75;1;M;PLot303_Viop;77.4;o;NA
Viop;6815;10.14;9.83;1;M;PLot303_Viop;76.5;o;NA
Viop;6315;10.19;9.76;1;M;PLot303_Viop;73.4;o;NA
Viop;7348;11.89;10.6;1;N;Riesen-Viop_Viop;84.1;o;NA
Viop;6581;10.61;10.44;1;N;Riesen-Viop_Viop;73.9;o;NA
Viop;4607;8.57;9;1;N;Riesen-Viop_Viop;53.4;o;NA
Viop;6487;8.94;9.89;1;N;Riesen-Viop_Viop;69.5;o;NA
Viop;6091;11.14;8.96;1;N;Riesen-Viop_Viop;89.8;o;NA
Viop;6999;9.6;9.71;1;N;Riesen-Viop_Viop;73.7;o;NA
Viop;5447;9.16;8.87;1;N;Riesen-Viop_Viop;73.7;o;NA
Viop;4923;8.81;8.93;1;F;Straßenrand1_Viop;67.4;l;NA
Viop;4498;8.84;8.85;1;F;Straßenrand1_Viop;65.6;l;NA
Viop;5295;9.18;9.16;1;F;Straßenrand1_Viop;61;l;NA
Viop;4485;8.77;8.3;1;F;Straßenrand1_Viop;53.7;l;NA
Viop;3658;8.43;7.9;1;F;Straßenrand1_Viop;59.6;l;NA
Viop;4694;9.22;8.48;1;F;Straßenrand1_Viop;63.7;l;NA
Viop;4134;9.48;8.29;1;F;Straßenrand1_Viop;58.6;l;NA
Viop;405;8.94;8.03;1;F;Straßenrand1_Viop;54;l;NA
Viop;7074;11.27;10.51;1;G;Straßenrand3_Viop;90.7;l;NA
Viop;8483;11.26;11.17;1;G;Straßenrand3_Viop;88.6;l;NA
Viop;648;11.78;9.96;1;G;Straßenrand3_Viop;89.9;l;NA
Viop;5133;10.09;9.02;1;G;Straßenrand3_Viop;80.6;l;NA
Viop;5356;9.95;9.36;1;G;Straßenrand3_Viop;65.3;l;NA
Viop;5794;10.21;9.63;1;G;Straßenrand3_Viop;95.6;l;NA
Viop;7995;11.34;10.23;1;G;Straßenrand3_Viop;91.7;l;NA
Viop;8135;10.83;10.89;1;G;Straßenrand3_Viop;92.6;l;NA
